block_size,seqlen,batch,algo_T,backbone,attn_backend,kv_cache,first_hitting,precision,wall_s,tok_per_s,nfe,sec_per_nfe,peak_mem_gb,gpu
4,1024,1,5000,dit,sdpa,True,True,bf16,24.1067,42.48,1023,0.02356,1.1726,Tesla V100-SXM2-32GB
8,1024,1,5000,dit,sdpa,True,True,bf16,21.8229,46.92,1023,0.02133,1.1737,Tesla V100-SXM2-32GB
16,1024,1,5000,dit,sdpa,True,True,bf16,20.8235,49.18,1023,0.02036,1.1758,Tesla V100-SXM2-32GB
32,1024,1,5000,dit,sdpa,True,True,bf16,21.533,47.55,1023,0.02105,1.1809,Tesla V100-SXM2-32GB
64,1024,1,5000,dit,sdpa,True,True,bf16,21.8437,46.88,1023,0.02135,1.1969,Tesla V100-SXM2-32GB
128,1024,1,5000,dit,sdpa,True,True,bf16,22.9645,44.59,1023,0.02245,1.2238,Tesla V100-SXM2-32GB
256,1024,1,5000,dit,sdpa,True,True,bf16,26.2682,38.98,1023,0.02568,1.3454,Tesla V100-SXM2-32GB
512,1024,1,5000,dit,sdpa,True,True,bf16,35.3798,28.94,1023,0.03458,1.6552,Tesla V100-SXM2-32GB
1024,1024,1,5000,dit,sdpa,True,True,bf16,55.4731,18.46,1023,0.05423,2.2694,Tesla V100-SXM2-32GB
